Season,Tm,Wildcard,DS,CS,WS,Won_WS
2022,SEA,1,1,0,0,0
2022,TOR,1,0,0,0,0
2022,NYM,1,0,0,0,0
2022,SDP,1,1,1,0,0
2022,CLE,1,1,0,0,0
2022,TBR,1,0,0,0,0
2022,PHI,1,1,1,1,0
2022,STL,1,0,0,0,0
2022,NYY,1,1,1,0,0
2022,ATL,1,1,0,0,0
2022,HOU,1,1,1,1,1
2022,LAD,1,1,0,0,0
2023,MIN,1,1,0,0,0
2023,TOR,1,0,0,0,0
2023,TEX,1,1,1,1,1
2023,TBR,1,0,0,0,0
2023,ARI,1,1,1,1,0
2023,MIL,1,0,0,0,0
2023,PHI,1,1,1,0,0
2023,MIA,1,0,0,0,0
2023,HOU,1,1,1,0,0
2023,BAL,1,1,0,0,0
2023,ATL,1,1,0,0,0
2023,LAD,1,1,0,0,0
2024,KCR,1,1,0,0,0
2024,BAL,1,0,0,0,0
2024,DET,1,1,0,0,0
2024,HOU,1,0,0,0,0
2024,NYM,1,1,1,0,0
2024,SDP,1,1,0,0,0
2024,ATL,1,0,0,0,0
2024,CLE,1,1,1,0,0
2024,NYY,1,1,1,1,0
2024,PHI,1,1,0,0,0
2024,LAD,1,1,1,1,1
2025,BOS,1,0,0,0,0
2025,NYY,1,1,0,0,0
2025,CLE,1,0,0,0,0
2025,DET,1,1,0,0,0
2025,LAD,1,1,1,1,1
2025,CIN,1,0,0,0,0
2025,CHC,1,1,0,0,0
2025,SDP,1,0,0,0,0
2025,TOR,1,1,1,1,0
2025,SEA,1,1,1,0,0
2025,MIL,1,1,1,0,0
2025,PHI,1,1,0,0,0