Round,Metric,Correlation,Absolute_Correlation
CS,Batting_BB%,0.37323019043751826,0.37323019043751826
CS,Pitching_BB%,0.33985794469941744,0.33985794469941744
CS,BB/9,0.3231552567201547,0.3231552567201547
CS,K/BB,-0.2339547527339411,0.2339547527339411
CS,OBP,0.2259485772080442,0.2259485772080442
CS,FIP,0.20729057778291582,0.20729057778291582
CS,IBB,0.19460312911390434,0.19460312911390434
CS,wOBA,0.18110977223702043,0.18110977223702043
CS,Pitching_BB,0.1715276900305989,0.1715276900305989
CS,Batting_BB,0.16867823586301045,0.16867823586301045
CS,HR/9,0.16866078667165207,0.16866078667165207
CS,BABIP,-0.15475015094979294,0.15475015094979294
CS,OPS,0.15133581241199656,0.15133581241199656
CS,3B,-0.14912474578497475,0.14912474578497475
CS,HBP_x,0.1478480177574951,0.1478480177574951
CS,ERA,0.14372061155899019,0.14372061155899019
CS,Pitching_HR,0.14362590569806516,0.14362590569806516
CS,ISO,0.14341339478802606,0.14341339478802606
CS,Batting_HR,0.14176444775733424,0.14176444775733424
CS,H/9,-0.1417072940920427,0.1417072940920427
CS,HBP_y,0.1329585227268032,0.1329585227268032
CS,ER,0.13082870731685042,0.13082870731685042
CS,Runs_Scored,0.125504568048186,0.125504568048186
CS,Runs_Allowed,0.12288039263058974,0.12288039263058974
CS,RBI,0.11897477283783889,0.11897477283783889
CS,G,0.11585690301075807,0.11585690301075807
CS,Pitching_SO,0.1127290847140959,0.1127290847140959
CS,W,0.10877545497336938,0.10877545497336938
CS,SLG,0.1058550877981291,0.1058550877981291
CS,Batting_CS,0.1018843904161519,0.1018843904161519
CS,SB,0.10131278734457859,0.10131278734457859
CS,WHIP,0.10120815148145479,0.10120815148145479
CS,PA,0.09848500274648257,0.09848500274648257
CS,BF,0.09640359822532008,0.09640359822532008
CS,IP,0.09349983545518713,0.09349983545518713
CS,GS,0.09071288477728058,0.09071288477728058
CS,AB_x,0.08746351374074668,0.08746351374074668
CS,AB_y,0.08609640307079311,0.08609640307079311
CS,H_x,0.08258999707724135,0.08258999707724135
CS,SV,0.08184176618150403,0.08184176618150403
CS,Batting_K%,-0.08175488994468913,0.08175488994468913
CS,SO/9,0.0757306399759855,0.0757306399759855
CS,SF,0.07550905916881638,0.07550905916881638
CS,H_y,0.07475809285170902,0.07475809285170902
CS,Batting_SO,0.07146293856711002,0.07146293856711002
CS,L,0.05676940192809816,0.05676940192809816
CS,Pitching_K%,0.055666956722477456,0.055666956722477456
CS,Run_Differential,0.04915412870609751,0.04915412870609751
CS,2B,0.04276682568089965,0.04276682568089965
CS,BA,-0.014905293513645675,0.014905293513645675
DS,Batting_HR,0.39728522532784205,0.39728522532784205
DS,Runs_Scored,0.39274296587368124,0.39274296587368124
DS,RBI,0.3918153388165284,0.3918153388165284
DS,W,0.3890397641463672,0.3890397641463672
DS,Batting_BB,0.3790407280454668,0.3790407280454668
DS,Pitching_SO,0.35392298838716507,0.35392298838716507
DS,PA,0.35348525096808114,0.35348525096808114
DS,GS,0.3507686341188792,0.3507686341188792
DS,IP,0.34924244997343773,0.34924244997343773
DS,IBB,0.34912115990181375,0.34912115990181375
DS,H_x,0.34810338408647573,0.34810338408647573
DS,AB_x,0.3477871632208899,0.3477871632208899
DS,Batting_SO,0.34733007229563684,0.34733007229563684
DS,AB_y,0.3462258382097074,0.3462258382097074
DS,SF,0.34618965926331413,0.34618965926331413
DS,BF,0.3451162226489154,0.3451162226489154
DS,ISO,0.3426784454594094,0.3426784454594094
DS,ER,0.33744620833959055,0.33744620833959055
DS,H_y,0.33570528211864586,0.33570528211864586
DS,Runs_Allowed,0.3356800634262506,0.3356800634262506
DS,HBP_y,0.32793033213860573,0.32793033213860573
DS,Pitching_HR,0.32679803590707185,0.32679803590707185
DS,Pitching_BB,0.3238895037746155,0.3238895037746155
DS,2B,0.31305579247835386,0.31305579247835386
DS,3B,0.3120589225513002,0.3120589225513002
DS,G,0.3118897442585535,0.3118897442585535
DS,SB,0.2980196773608967,0.2980196773608967
DS,HBP_x,0.29044943992948485,0.29044943992948485
DS,Batting_BB%,0.2798291061200915,0.2798291061200915
DS,L,0.2665016043872128,0.2665016043872128
DS,SLG,0.2620403452134991,0.2620403452134991
DS,Run_Differential,0.25860522855709295,0.25860522855709295
DS,wOBA,0.24859776032871514,0.24859776032871514
DS,OPS,0.24372221514195588,0.24372221514195588
DS,SV,0.22496820795035544,0.22496820795035544
DS,Batting_CS,0.18392060997214946,0.18392060997214946
DS,OBP,0.1517143422717721,0.1517143422717721
DS,Pitching_BB%,0.12462122612827069,0.12462122612827069
DS,BB/9,0.12142935139716293,0.12142935139716293
DS,K/BB,-0.12068672794254902,0.12068672794254902
DS,ERA,0.1103074072712635,0.1103074072712635
DS,FIP,0.10910062493381242,0.10910062493381242
DS,Batting_K%,0.10612489097940125,0.10612489097940125
DS,HR/9,0.08033539433154828,0.08033539433154828
DS,BABIP,-0.061621642230428056,0.061621642230428056
DS,WHIP,0.05664786967820665,0.05664786967820665
DS,H/9,-0.02742755376054592,0.02742755376054592
DS,Pitching_K%,-0.025352995764651366,0.025352995764651366
DS,SO/9,-0.019106901158291376,0.019106901158291376
DS,BA,-0.013829555643182553,0.013829555643182553
WS,Batting_BB,0.3101587213210488,0.3101587213210488
WS,ER,0.30965170134106695,0.30965170134106695
WS,Pitching_BB,0.30963181069922646,0.30963181069922646
WS,Batting_BB%,0.3036786655839707,0.3036786655839707
WS,Pitching_BB%,0.2968189432812315,0.2968189432812315
WS,Runs_Allowed,0.2966783799299134,0.2966783799299134
WS,BB/9,0.2927909354005978,0.2927909354005978
WS,Pitching_HR,0.2908711891408001,0.2908711891408001
WS,RBI,0.28573147754229516,0.28573147754229516
WS,Batting_HR,0.28531162402304133,0.28531162402304133
WS,Runs_Scored,0.2830293843582206,0.2830293843582206
WS,PA,0.2702310130037883,0.2702310130037883
WS,H_x,0.26987856867947596,0.26987856867947596
WS,SF,0.26929208254849024,0.26929208254849024
WS,ERA,0.2682638049303135,0.2682638049303135
WS,AB_x,0.26489799827667054,0.26489799827667054
WS,W,0.2636551514737105,0.2636551514737105
WS,K/BB,-0.2580153521942343,0.2580153521942343
WS,H_y,0.25662369000772645,0.25662369000772645
WS,BF,0.2564177110114009,0.2564177110114009
WS,2B,0.25255778004557067,0.25255778004557067
WS,FIP,0.25193713593090633,0.25193713593090633
WS,IP,0.251671647893056,0.251671647893056
WS,GS,0.25117728746068496,0.25117728746068496
WS,Pitching_SO,0.2504291985083808,0.2504291985083808
WS,AB_y,0.25002837327438143,0.25002837327438143
WS,G,0.24522468329030522,0.24522468329030522
WS,L,0.2344770812417769,0.2344770812417769
WS,IBB,0.22654152396345084,0.22654152396345084
WS,Batting_SO,0.2242857845164196,0.2242857845164196
WS,wOBA,0.220359514589286,0.220359514589286
WS,OPS,0.21444188381672374,0.21444188381672374
WS,ISO,0.21397635632736234,0.21397635632736234
WS,WHIP,0.21134411647404838,0.21134411647404838
WS,OBP,0.20481418672387078,0.20481418672387078
WS,SLG,0.19977775377143356,0.19977775377143356
WS,HBP_y,0.18719074652377898,0.18719074652377898
WS,SV,0.18056355930252854,0.18056355930252854
WS,HR/9,0.18028730923557257,0.18028730923557257
WS,HBP_x,0.12253770967855852,0.12253770967855852
WS,Batting_K%,-0.10793947977753536,0.10793947977753536
WS,SB,0.09976812524215183,0.09976812524215183
WS,3B,0.09809947148285708,0.09809947148285708
WS,Batting_CS,0.08342814898586473,0.08342814898586473
WS,BA,0.07786666458708391,0.07786666458708391
WS,Run_Differential,0.0688776882832753,0.0688776882832753
WS,Pitching_K%,-0.06588949860961466,0.06588949860961466
WS,SO/9,-0.040395042545058234,0.040395042545058234
WS,H/9,0.03754239221796523,0.03754239221796523
WS,BABIP,-0.023836321515627236,0.023836321515627236
