Season,Tm,PA,AB_x,Runs_Scored,H_x,2B,3B,Batting_HR,RBI,Batting_BB,IBB,Batting_SO,HBP_x,SF,SB,Batting_CS,BA,OBP,SLG,OPS,Batting_K%,Batting_BB%,ISO,wOBA,G,GS,W,L,SV,IP,H_y,Runs_Allowed,ER,Pitching_BB,Pitching_SO,Pitching_HR,HBP_y,AB_y,BF,ERA,WHIP,Pitching_K%,Pitching_BB%,K/BB,HR/9,BB/9,SO/9,H/9,BABIP,FIP,Run_Differential,Wildcard,DS,CS,WS
2022,ATL,5987,5427,778,1375,296,11,243,744,457,13,1485,67,35,85,30,0.2533628155518703,0.3172402271967925,0.4462870831030035,0.763527310299796,0.24803741439786203,0.07633205278102556,0.19292426755113323,0.33515151515151514,552,152,96.0,55.0,50.0,1273.5,1058,533,492,426,1386,131,57,4759,5289,3.477031802120141,1.165292500981547,0.2620533182076007,0.08054452637549632,3.2535211267605635,0.9257950530035336,3.010600706713781,9.79505300353357,7.477031802120141,0.28593460826650213,0.16411464468001571,245,1,1,0,0
2022,CLE,5819,5247,654,1353,262,30,119,629,422,36,1022,81,49,119,24,0.2578616352201258,0.3200551819279186,0.38726891557080234,0.7073240974987209,0.17563155181302628,0.07252105172710088,0.12940728035067656,0.3156550407773729,693,169,95.0,73.0,52.0,1509.2,1275,651,578,454,1464,182,57,5637,6200,3.4468592631857935,1.1456400742115027,0.2361290322580645,0.0732258064516129,3.2246696035242293,1.085343228200371,2.7073946461701563,8.730453220249139,7.603366021733368,0.2738661989476322,0.5300821627352239,3,1,1,0,0
2022,HOU,5859,5225,724,1322,282,11,216,705,518,20,1142,65,37,80,18,0.25301435406698564,0.32591958939264326,0.43521531100478467,0.7611349003974279,0.19491380781703363,0.0884109916367981,0.18220095693779903,0.33602575107296134,668,163,113.0,53.0,59.0,1484.9,1123,515,464,480,1614,140,64,5433,6019,2.8123105933059462,1.0795339753518756,0.26815085562385776,0.07974746635653764,3.3625,0.8485419893595528,2.9092868206613236,9.782476934473701,6.806518957505555,0.26719217178581134,0.021550272745639434,209,1,1,1,1
2022,LAD,11225,10061,1354,2498,517,54,368,1296,966,50,2549,99,73,162,43,0.2482854587019183,0.31815340655415664,0.42013716330384654,0.7382905698580031,0.22708240534521157,0.08605790645879732,0.17185170460192825,0.32668400753430804,1240,295,170.0,119.0,62.0,2620.8,2121,1045,931,864,2622,287,121,9744,10818,3.1971153846153846,1.1389652014652014,0.24237382140876318,0.07986688851913477,3.0347222222222223,0.985576923076923,2.9670329670329667,9.004120879120878,7.283653846153846,0.2683247988295538,0.4117063492063492,309,1,1,0,0
2022,NYM,5233,4653,665,1235,232,25,156,640,429,24,958,104,38,60,21,0.2654201590371803,0.33843797856049007,0.4266064904362777,0.7650444689967677,0.183068985285687,0.08197974393273456,0.16118633139909738,0.3394634615384615,490,162,90.0,56.0,10.0,1282.0,1147,531,506,364,1352,155,66,4849,5317,3.5522620904836195,1.1786271450858035,0.254278728606357,0.06845965770171149,3.7142857142857144,1.0881435257410297,2.5553822152886116,9.491419656786272,8.05226209048362,0.29682824655894674,0.31435257410296413,134,1,0,0,0
2022,NYY,6224,5479,801,1318,229,6,249,762,600,36,1400,74,41,95,31,0.24055484577477643,0.3216015498869874,0.4208797225771126,0.7424812724641,0.2249357326478149,0.09640102827763496,0.18032487680233616,0.3301380318285157,722,140,98.0,64.0,75.0,1396.8,1117,541,505,442,1495,148,54,5170,5711,3.2538659793814433,1.116122565864834,0.2617755209245316,0.07739450183855717,3.3823529411764706,0.9536082474226805,2.847938144329897,9.632731958762887,7.197164948453609,0.2747377374539268,0.1861397479954181,260,1,1,1,0
2022,PHI,6325,5699,774,1425,261,26,222,753,513,20,1415,58,47,101,26,0.2500438673451483,0.31597277188538864,0.42182839094577995,0.7378011628311686,0.22371541501976286,0.08110671936758894,0.17178452360063168,0.32567254248054633,675,168,90.0,74.0,40.0,1437.0,1295,669,617,456,1470,148,76,5461,6037,3.864300626304802,1.2185107863604732,0.24349842637071392,0.07553420573132351,3.223684210526316,0.9269311064718163,2.855949895615866,9.206680584551147,8.110647181628392,0.2984647410876919,0.24495476687543494,105,1,1,1,1
2022,SDP,4904,4357,567,1062,221,16,123,549,435,17,1072,55,37,47,14,0.24374569658021575,0.3177723177723178,0.38650447555657563,0.7042767933288934,0.21859706362153344,0.0887030995106036,0.14275877897635988,0.31424286007807684,617,174,93.0,72.0,13.0,1462.8,1273,651,605,473,1465,185,81,5519,6127,3.722313371616079,1.1936013125512717,0.23910559817202545,0.07719928186714542,3.097251585623679,1.138228055783429,2.910172272354389,9.013535684987696,7.8322395406070555,0.28120961488756785,0.6111566858080394,-84,1,1,1,0
2022,SEA,5878,5180,665,1209,229,20,183,631,555,17,1336,87,44,84,28,0.2333976833976834,0.3155472212751449,0.3913127413127413,0.7068599625878862,0.22728819326301464,0.0944198707043212,0.1579150579150579,0.31537869721319883,641,154,84.0,71.0,41.0,1347.2,1190,573,530,412,1300,171,54,5073,5590,3.5406769596199523,1.1891330166270784,0.23255813953488372,0.07370304114490162,3.1553398058252426,1.1423693586698338,2.752375296912114,8.684679334916865,7.949821852731591,0.28289838978345366,0.6376187648456056,92,1,1,0,0
2022,STL,5794,5150,720,1305,279,15,192,711,522,11,1147,72,43,77,22,0.25339805825242717,0.328149300155521,0.42524271844660194,0.753392018602123,0.19796341042457716,0.09009319986192613,0.17184466019417477,0.332887811634349,549,139,77.0,65.0,37.0,1234.9,1156,574,550,429,999,131,57,4683,5221,4.008421734553405,1.2835047372256863,0.1913426546638575,0.08216816701781268,2.3286713286713288,0.9547331767754473,3.1265689529516556,7.280751477852458,8.42497368207952,0.2884886011820996,0.8033039112478743,146,1,0,0,0
2022,TBR,5208,4677,566,1120,261,14,120,557,452,12,1143,50,25,80,34,0.23946974556339534,0.3116833205226749,0.37823391062646994,0.6899172311491448,0.21947004608294932,0.08678955453149001,0.1387641650630746,0.3080277349768875,647,159,79.0,73.0,42.0,1325.3,1159,561,493,342,1279,160,59,5020,5470,3.3479212253829322,1.1325737568852337,0.23382084095063985,0.06252285191956124,3.739766081871345,1.0865464423149476,2.3224930204482006,8.685580623255113,7.870670791518902,0.27897235409103605,0.41349128499207727,5,1,0,0,0
2022,TOR,5823,5249,733,1408,293,12,190,723,478,14,1137,50,33,65,31,0.2682415698228234,0.33321858864027537,0.4372261383120594,0.7704447269523348,0.19526017516743946,0.08208827065086725,0.16898456848923604,0.3397066942719117,658,153,88.0,65.0,46.0,1321.0,1238,616,563,383,1293,164,72,5043,5556,3.8357305071915215,1.227100681302044,0.23272138228941686,0.0689344852411807,3.3759791122715406,1.117335352006056,2.6093868281604844,8.809235427706284,8.434519303557911,0.2994980479643056,0.526116578349735,117,1,0,0,0
2023,ARI,6018,5335,742,1348,262,42,176,691,536,13,1227,56,47,165,27,0.2526710402999063,0.3247405423501841,0.41649484536082476,0.7412353877110089,0.20388833499501496,0.08906613492854769,0.16382380506091848,0.327639657775541,658,178,87.0,79.0,22.0,1440.7,1366,763,714,528,1350,201,44,5497,6119,4.460331783160964,1.314638717290206,0.22062428501389117,0.08628860924987743,2.5568181818181817,1.255639619629347,3.298396612757687,8.433400430346358,8.533351842854168,0.29523568170299036,1.039078225862428,-21,1,1,1,1
2023,ATL,6309,5652,940,1549,291,23,309,911,544,20,1309,67,42,128,28,0.2740622788393489,0.34258524980174465,0.49769992922859163,0.8402851790303363,0.2074813758123316,0.08622602631161833,0.22363765038924271,0.366502784407319,656,161,101.0,57.0,52.0,1394.1,1296,679,626,526,1475,184,69,5324,5967,4.041316978695933,1.306936374722043,0.24719289425171778,0.0881514999162058,2.8041825095057034,1.1878631375080697,3.395739186571982,9.522272433828277,8.366688185926405,0.3034106412005457,0.7316548310738111,261,1,1,0,0
2023,BAL,5990,5390,782,1367,308,27,178,755,484,13,1343,45,47,108,25,0.2536178107606679,0.31780087160576603,0.41985157699443415,0.7376524486002002,0.22420701168614357,0.08080133555926544,0.16623376623376623,0.32506635309927767,657,158,98.0,61.0,47.0,1367.2,1251,630,585,447,1345,166,55,5190,5741,3.8509362200117025,1.2419543592744295,0.23427974220519074,0.07786099982581432,3.0089485458612977,1.0927442949093036,2.942510239906378,8.853861907548273,8.235078993563487,0.2949170970372384,0.5917203042715038,152,1,1,0,0
2023,HOU,6604,5885,871,1525,290,24,240,841,576,19,1312,77,41,111,32,0.25913338997451146,0.33105335157318744,0.4389124893797791,0.7699658409529666,0.19866747425802544,0.08721986674742581,0.17977909940526765,0.33967225609756097,680,159,86.0,71.0,45.0,1416.4,1291,705,641,535,1455,204,77,5344,6013,4.0730019768427,1.2891838463710816,0.24197571927490438,0.08897388990520538,2.7196261682242993,1.2962439988703756,3.3994634284100536,9.245269697825472,8.203191188929681,0.2949796472184532,0.9510025416548997,166,1,1,1,0
2023,LAD,10899,9560,1470,2423,480,41,428,1393,1063,55,2515,152,100,167,51,0.25345188284518827,0.3345287356321839,0.44654811715481174,0.7810768527869956,0.23075511514817873,0.09753188365905129,0.19309623430962347,0.34469408502772647,1043,295,141.0,126.0,76.0,2346.0,2162,1233,1118,904,2318,325,135,8943,10061,4.289002557544757,1.3069053708439897,0.2303945929828049,0.08985190338932511,2.564159292035398,1.2468030690537084,3.4680306905370846,8.892583120204604,8.294117647058824,0.29158730158730156,0.9808184143222506,237,1,1,0,0
2023,MIA,5327,4841,586,1237,226,22,133,534,384,22,1105,42,34,86,22,0.25552571782689526,0.3137143935106584,0.39372030572195826,0.7074346992326166,0.20743382767035856,0.0720856016519617,0.138194587895063,0.3142640651638568,630,162,76.0,69.0,32.0,1352.8,1248,669,625,472,1412,184,68,5156,5742,4.158042578356002,1.27143701951508,0.24590734935562522,0.08220132358063392,2.9915254237288136,1.224127735068007,3.140153755174453,9.39384979302188,8.302779420461265,0.298876404494382,0.7273802483737434,-83,1,0,0,0
2023,MIL,5447,4828,650,1167,233,15,144,613,529,14,1294,44,37,124,26,0.24171499585749792,0.3199705774181684,0.3856669428334714,0.7056375202516398,0.23756196071231872,0.0971176794565816,0.1439519469759735,0.31509033923303836,606,164,88.0,66.0,46.0,1366.8,1144,597,551,460,1369,189,46,5103,5662,3.6281826163301143,1.173544044483465,0.2417873542917697,0.08124337689862239,2.976086956521739,1.2445127304653205,3.028972783143108,9.014486391571554,7.532923617208078,0.2693935119887165,0.8040678958150425,53,1,0,0,0
2023,MIN,6363,5610,786,1360,268,24,238,758,612,13,1708,96,32,85,18,0.24242424242424243,0.3256692913385827,0.42602495543672014,0.7516942467753028,0.2684268426842684,0.09618104667609619,0.1836007130124777,0.3328294145494714,623,168,84.0,75.0,37.0,1442.7,1288,647,613,439,1572,196,55,5473,6014,3.8240798502807234,1.1970610660566992,0.26139008979048883,0.0729963418689724,3.580865603644647,1.222707423580786,2.738615096693699,9.806612601372427,8.034934497816593,0.29473684210526313,0.4997573993207181,139,1,1,0,0
2023,PHI,6651,5929,855,1519,316,30,244,827,587,27,1589,72,45,157,29,0.256198347107438,0.3283582089552239,0.44307640411536514,0.771434613070589,0.23891144188843783,0.08825740490151857,0.18687805700792715,0.33999394489857704,670,160,91.0,64.0,48.0,1381.6,1230,652,596,441,1455,170,50,5255,5801,3.882455124493341,1.2094672843080487,0.2508188243406309,0.07602137562489227,3.2993197278911564,1.1074116965836711,2.872756224667053,9.478141285466126,8.012449334105385,0.29201101928374656,0.45092646207295894,203,1,1,1,0
2023,TBR,6221,5567,857,1443,284,24,230,828,513,7,1437,95,38,158,41,0.25920603556673255,0.3301142765169805,0.44278785701455003,0.7729021335315305,0.2309918019610995,0.08246262658736538,0.18358182144781748,0.3400547856912665,502,132,82.0,46.0,42.0,1083.5,952,499,468,337,1174,129,46,4121,4535,3.8874019381633595,1.1896631287494233,0.2588754134509372,0.0743109151047409,3.483679525222552,1.0715274573142592,2.7992616520535303,9.75173050299954,7.907706506691278,0.29205110007097235,0.3137978772496539,358,1,0,0,0
2023,TEX,6955,6170,977,1616,355,21,263,934,665,20,1555,60,49,89,19,0.2619124797406807,0.3371255760368664,0.45413290113452187,0.7912584771713882,0.22358015815959742,0.09561466570812366,0.19222042139384116,0.3478841709994223,579,152,86.0,63.0,31.0,1311.0,1228,660,630,454,1223,182,57,4975,5541,4.324942791762013,1.2829900839054158,0.22071828189857426,0.08193466883234073,2.693832599118943,1.2494279176201373,3.116704805491991,8.395881006864988,8.43020594965675,0.29299719887955183,0.9778794813119756,317,1,1,1,1
2023,TOR,6195,5541,741,1424,292,18,188,701,545,13,1289,69,32,99,34,0.256993322504963,0.32940035558428965,0.4179750947482404,0.7473754503325301,0.20807102502017757,0.08797417271993543,0.16098177224327742,0.33117427923550374,657,164,86.0,72.0,47.0,1401.3,1285,651,598,477,1488,196,60,5336,5913,3.840719332048812,1.2574038392920859,0.25164890918315574,0.0806697108066971,3.119496855345912,1.2588310854206808,3.0635838150289016,9.556840077071291,8.253050738599871,0.29819277108433734,0.7157639334903304,90,1,0,0,0
2024,ATL,5205,4703,597,1143,231,12,187,587,410,11,1260,51,37,53,13,0.24303635977035934,0.30840223034031916,0.4165426323623219,0.7249448627026411,0.2420749279538905,0.0787704130643612,0.17350627259196258,0.3197880539499037,629,164,89.0,74.0,40.0,1424.8999999999999,1267,598,552,438,1527,147,68,5366,5920,3.4865604603831852,1.1965751982595272,0.2579391891891892,0.07398648648648648,3.4863013698630136,0.9284862095585656,2.7665099305214405,9.64488736051653,8.002666853814304,0.30335861321776814,0.12000842164362413,-1,1,0,0,0
2024,BAL,5725,5158,733,1278,234,32,222,705,462,13,1248,55,40,97,21,0.24777045366421094,0.31408573928258965,0.4346645986816596,0.7487503379642493,0.21799126637554586,0.08069868995633188,0.18689414501744864,0.3291301297790249,531,133,73.0,59.0,34.0,1118.3,968,522,471,388,1114,129,36,4231,4696,3.7905749798801756,1.212554770633998,0.23722316865417375,0.08262350936967632,2.8711340206185567,1.0381829562729143,3.1225967987123315,8.96539390145757,7.790396136993651,0.28078982597054886,0.5481534471966377,211,1,0,0,0
2024,CLE,5997,5373,713,1292,249,18,184,673,475,34,1176,83,43,148,43,0.24046156709473293,0.30967525945764984,0.39624046156709475,0.7059157210247446,0.19609804902451225,0.07920626980156745,0.15577889447236182,0.31444276094276097,753,166,90.0,71.0,54.0,1394.0,1179,601,553,487,1414,174,62,5185,5788,3.5703012912482066,1.1951219512195121,0.24429854872149273,0.08413959917069799,2.9034907597535935,1.1233859397417503,3.144189383070301,9.129124820659971,7.611908177905309,0.2793994995829858,0.6420373027259685,112,1,1,1,0
2024,DET,5367,4861,613,1132,228,45,145,568,427,11,1370,37,32,75,25,0.23287389426044025,0.2979279447451932,0.38778029212096277,0.685708236866156,0.25526364822060743,0.0795602757592696,0.15490639786052252,0.3037205387205387,599,150,78.0,70.0,47.0,1298.3,1135,573,522,366,1165,138,54,4886,5367,3.6185781406454596,1.1561272433181853,0.21706726290292527,0.06819452207937395,3.1830601092896176,0.9566356004005238,2.5371639836709545,8.07594546714935,7.867981206192714,0.2782584426458275,0.4328737579912193,40,1,1,0,0
2024,HOU,5922,5365,710,1408,255,15,183,675,430,25,1110,66,46,91,23,0.2624417520969245,0.3223294396478754,0.4178937558247903,0.7402231954726657,0.18743667679837892,0.07261060452549814,0.15545200372786583,0.3275450527031622,623,153,81.0,72.0,42.0,1327.5,1151,599,555,523,1370,168,55,4980,5605,3.76271186440678,1.2610169491525425,0.24442462087421946,0.09330954504906333,2.6195028680688335,1.1389830508474577,3.545762711864407,9.288135593220339,7.803389830508475,0.28558977338756536,0.7630885122410546,111,1,0,0,0
2024,KCR,5921,5364,722,1333,262,35,164,699,425,22,1122,54,52,136,32,0.24850857568978374,0.3073791348600509,0.4021252796420582,0.7095044145021091,0.18949501773349098,0.07177841580814051,0.15361670395227445,0.3136471990464839,648,162,86.0,75.0,29.0,1397.1,1274,628,584,475,1313,146,68,5295,5902,3.7620785913678336,1.251878891990552,0.22246696035242292,0.08048119281599458,2.7642105263157895,0.9405196478419584,3.0599098131844538,8.458234915181448,8.207000214730513,0.2940563086548488,0.49889055901510276,94,1,1,0,0
2024,LAD,11943,10591,1463,2598,496,38,404,1399,1094,40,2667,141,86,263,68,0.24530261542819376,0.3217763599731363,0.4137475214805023,0.7355238814536387,0.2233107259482542,0.09160177509838399,0.16844490605230855,0.32628537735849056,1167,300,135.0,145.0,55.0,2471.7999999999997,2259,1289,1178,956,2334,349,115,9372,10548,4.28918197265151,1.3006715753701756,0.22127417519908987,0.0906332954114524,2.4414225941422596,1.270733878145481,3.4808641475847564,8.49826037705316,8.225180030746825,0.2855434295111377,1.1072902338376893,174,1,1,1,1
2024,NYM,6271,5586,782,1384,280,15,210,763,536,14,1421,98,41,110,20,0.24776226279985678,0.3223127295959112,0.41604010025062654,0.7383528298465377,0.22659862860787752,0.08547281135385106,0.16827783745076977,0.3271346246198175,465,163,73.0,61.0,13.0,1200.8,1059,595,542,500,1168,144,79,4519,5150,4.062291805463024,1.2983011325782812,0.22679611650485437,0.0970873786407767,2.336,1.0792804796802131,3.747501665556296,8.754163890739507,7.9372085276482345,0.2853133769878391,0.8627581612258495,187,1,1,1,0
2024,NYY,6634,5770,854,1418,258,16,249,830,730,33,1399,54,61,78,26,0.24575389948006932,0.3328798185941043,0.4254766031195841,0.7583564217136884,0.2108833283087127,0.1100391920410009,0.17972270363951476,0.33661652993011243,682,183,106.0,74.0,71.0,1529.6,1280,670,614,581,1610,190,88,5702,6427,3.612709205020921,1.216657949790795,0.25050567916601835,0.09039987552512836,2.7710843373493974,1.1179393305439331,3.4185407949790796,9.473064853556487,7.531380753138076,0.27934392619169657,0.6491893305439331,184,1,1,1,1
2024,PHI,5926,5310,757,1373,274,23,196,733,501,21,1321,62,39,138,29,0.2585687382297552,0.3274695534506089,0.4295668549905838,0.7570364084411927,0.22291596355045562,0.0845426932163348,0.1709981167608286,0.33447122729587503,570,165,88.0,60.0,28.0,1348.5,1260,624,581,406,1343,174,52,5164,5659,3.877641824249166,1.235446792732666,0.23732108146315603,0.07174412440360488,3.3078817733990147,1.1612903225806452,2.7096774193548385,8.963292547274749,8.409343715239155,0.2977789964354264,0.5888023730070449,133,1,1,0,0
2024,SDP,5761,5193,723,1336,241,18,196,712,453,16,1093,52,32,111,25,0.2572694011168881,0.3212914485165794,0.423839784325053,0.7451312328416324,0.1897240062489151,0.07863218191286235,0.16657038320816486,0.329179208960448,590,159,84.0,67.0,41.0,1305.3999999999999,1191,625,574,416,1318,152,61,4963,5502,3.957407691129156,1.2310402941627088,0.23954925481643038,0.07560886950199927,3.168269230769231,1.0479546499157348,2.868086410295695,9.086869924927226,8.211276237168684,0.29745204695104493,0.4504366477707983,98,1,1,0,0
2025,BOS,5852,5277,730,1330,303,23,170,680,457,15,1342,68,36,139,37,0.2520371423157097,0.31774580335731417,0.41481902596172066,0.7325648293190348,0.22932330827067668,0.07809295967190703,0.16278188364601098,0.3238227717671303,604,131,81.0,58.0,43.0,1211.8,1066,527,468,421,1177,124,53,4566,5091,3.4758210925895363,1.2271001815481104,0.23119230013749756,0.08269495187585936,2.795724465558195,0.920944050173296,3.126753589701271,8.741541508499752,7.9171480442317215,0.2885145482388974,0.4299389338174616,203,1,0,0,0
2025,CHC,11481,10264,1383,2510,481,37,387,1346,1003,25,2492,89,87,242,56,0.2445440374123149,0.3147775932884733,0.411730319563523,0.7265079128519963,0.21705426356589147,0.08736172807246756,0.16718628215120812,0.3212567875284638,1273,295,140.0,154.0,65.0,2565.7999999999997,2358,1247,1150,915,2302,355,115,9734,10882,4.033829604801622,1.2756255358952375,0.21154199595662562,0.08408380812350671,2.515846994535519,1.2452256606126746,3.2095252942552035,8.07467456543768,8.271104528801933,0.2830295322876925,1.0741289266505574,136,1,1,0,0
2025,CIN,5537,4957,657,1201,223,22,151,618,478,14,1317,48,42,98,25,0.24228363929796248,0.312579185520362,0.38753278192455115,0.7001119674449132,0.2378544338089218,0.08632833664439227,0.14524914262658867,0.3115187806205771,665,153,79.0,78.0,41.0,1350.2,1199,645,586,465,1315,178,63,5106,5703,3.906087986964894,1.2324100133313582,0.23058039628265825,0.08153603366649131,2.827956989247312,1.1864908902384832,3.099540808769071,8.765368093615761,7.992149311213153,0.2825906448934404,0.7991408680195526,12,1,0,0,0
2025,CLE,5587,5005,604,1126,237,18,160,577,451,30,1282,57,46,122,35,0.22497502497502497,0.2939377585896744,0.3754245754245754,0.6693623340142498,0.229461249328799,0.08072310721317344,0.15044955044955044,0.29863809007053715,688,165,88.0,75.0,45.0,1442.0,1295,646,589,533,1393,167,57,5434,6084,3.676144244105409,1.2676837725381416,0.2289612097304405,0.0876068376068376,2.6135084427767357,1.0423023578363384,3.326629680998613,8.694174757281553,8.08252427184466,0.29117191533298914,0.6823855755894591,-42,1,0,0,0
2025,DET,6421,5746,787,1406,258,36,204,753,540,16,1542,70,50,63,17,0.24469195962408632,0.31470496409615983,0.40863209189001043,0.7233370559861703,0.2401495094222084,0.08409904999221306,0.1639401322659241,0.3201095461658842,591,152,80.0,70.0,37.0,1306.8,1162,583,529,422,1272,163,55,4920,5448,3.6432506887052343,1.2121212121212122,0.23348017621145375,0.07745961820851689,3.014218009478673,1.1225895316804408,2.90633608815427,8.760330578512397,8.002754820936639,0.2866571018651363,0.6435567799204163,204,1,1,0,0
2025,LAD,12445,11079,1521,2661,485,40,485,1481,1098,70,3021,145,90,170,53,0.24018413214189005,0.3145343216242346,0.4225110569545988,0.7370453785788333,0.24274809160305344,0.08822820409803134,0.18232692481270873,0.3265807810727597,1357,320,163.0,150.0,86.0,2751.2,2523,1409,1305,1125,2695,371,103,10425,11795,4.269046234370457,1.3259668508287294,0.228486646884273,0.0953793980500212,2.3955555555555557,1.2136522244838617,3.6802122710090144,8.816152951439372,8.25348938644955,0.29243103682565563,1.0206455364931666,112,1,1,1,1
2025,MIL,6060,5371,778,1372,256,18,159,707,550,15,1255,69,42,167,54,0.25544591323775834,0.3300729442970822,0.39862223049711415,0.7286951747941963,0.2070957095709571,0.09075907590759076,0.1431763172593558,0.32459198936347017,661,158,94.0,58.0,44.0,1361.3999999999999,1141,552,502,500,1380,155,59,5066,5683,3.3186425738210668,1.2053768179814897,0.24282949146577512,0.08798169980644026,2.76,1.0246804759806083,3.305420890260027,9.122961657117674,7.542970471573381,0.2792410082129708,0.5545761715880712,226,1,1,1,0
2025,NYY,11972,10542,1561,2663,502,38,490,1533,1157,78,2662,138,105,254,53,0.2526086131663821,0.3314352704739575,0.44687915006640105,0.7783144205403585,0.2223521550283996,0.0966421650517875,0.19427053690001894,0.3438267026298044,1186,325,168.0,132.0,70.0,2614.4,2335,1262,1150,1007,2600,299,124,9924,11163,3.958843329253366,1.2783047735618114,0.2329122995610499,0.09020872525306817,2.5819265143992056,1.029299265605875,3.4665697674418605,8.950428396572827,8.038173194614442,0.2898220640569395,0.6533047735618115,299,1,1,0,0
2025,PHI,6111,5462,763,1400,264,25,210,750,531,21,1317,56,42,127,28,0.25631636763090443,0.32621901165654243,0.4291468326620286,0.755365844318571,0.21551300932744233,0.08689248895434462,0.17283046503112415,0.333670510708402,593,158,89.0,64.0,31.0,1354.7,1249,603,565,399,1399,162,49,5164,5658,3.7535985827120393,1.2165054993725548,0.2472605160834217,0.07051961823966066,3.506265664160401,1.0762530449546024,2.6507713884992987,9.294308703033881,8.297778105853695,0.30169303358312516,0.37277626042666273,160,1,1,0,0
2025,SDP,5528,4915,632,1235,232,16,139,599,472,17,1026,53,44,98,28,0.25127161749745675,0.32093362509117435,0.3898270600203459,0.7107606851115202,0.18560057887120116,0.085383502170767,0.13855544252288915,0.31663069325041154,691,133,83.0,64.0,48.0,1256.1,1047,540,503,460,1274,152,54,4676,5250,3.6040124193933605,1.1997452432131201,0.24266666666666667,0.08761904761904762,2.7695652173913046,1.089085263912109,3.29591593026033,9.128254119894914,7.501791258657751,0.2753846153846154,0.6432608868720644,92,1,0,0,0
2025,SEA,5463,4803,680,1181,206,9,205,628,518,32,1248,87,32,128,32,0.24588798667499479,0.32830882352941176,0.4205704767853425,0.7488793003147542,0.22844590884129598,0.0948196961376533,0.1746824901103477,0.33358912721893486,712,174,91.0,74.0,45.0,1497.6,1348,699,646,469,1468,199,74,5662,6279,3.8822115384615388,1.2132745726495726,0.23379519031692944,0.07469342251950947,3.1300639658848612,1.1959134615384617,2.8185096153846154,8.822115384615385,8.100961538461538,0.28760951188986233,0.7064636752136753,-19,1,1,1,0
2025,TOR,6468,5761,856,1557,306,14,216,838,552,32,1131,64,46,78,26,0.27026557889255337,0.33831542892729255,0.44072209685818436,0.7790375257854769,0.174860853432282,0.08534322820037106,0.170456517965631,0.3443201376936317,745,176,99.0,73.0,44.0,1508.3,1368,746,698,549,1515,225,70,5717,6395,4.164953921633628,1.2709673141947888,0.236903831118061,0.08584831899921815,2.759562841530055,1.342571106543791,3.2758734999668504,9.039978784061526,8.16283232778625,0.287402564747297,1.0223430352051979,110,1,1,1,1
